episode_index,episode_length
0,10
1,27
2,19
3,15
4,22
5,20
6,20
7,18
8,17
9,27
10,25
11,16
12,15
13,18
14,15
15,26
16,14
17,19
18,23
19,40
20,27
21,16
22,26
23,15
24,17
25,18
26,18
27,33
28,15
29,27
30,16
31,11
32,20
33,16
34,35
35,32
36,26
37,25
38,18
39,26
40,15
41,28
42,35
43,41
44,50
45,58
46,29
47,43
48,87
49,60
50,76
51,48
52,72
53,74
54,69
55,85
56,65
57,36
58,78
59,70
60,81
61,106
62,79
63,84
64,76
65,113
66,72
67,78
68,86
69,64
70,63
71,68
72,165
73,78
74,71
75,75
76,66
77,79
78,67
79,89
80,77
81,70
82,70
83,93
84,66
85,92
86,100
87,71
88,107
89,74
90,86
91,81
92,90
93,92
94,139
95,135
96,128
97,71
98,142
99,113
100,63
101,61
102,103
103,110
104,134
105,146
106,121
107,97
108,102
109,138
110,125
111,141
112,108
113,110
114,105
115,97
116,112
117,135
118,137
119,98
120,89
121,102
122,96
123,105
124,65
125,93
126,134
127,118
128,67
129,109
130,72
131,106
132,76
133,112
134,60
135,90
136,136
137,84
138,98
139,120
140,123
141,68
142,101
143,147
144,140
145,72
146,76
147,139
148,117
149,98
150,128
151,146
152,71
153,145
154,121
155,115
156,123
157,132
158,90
159,80
160,85
161,160
162,107
163,91
164,111
165,126
166,67
167,141
168,127
169,158
170,101
171,126
172,136
173,127
174,149
175,73
176,138
177,103
178,122
179,76
180,127
181,121
182,126
183,86
184,138
185,143
186,135
187,128
188,138
189,115
190,134
191,151
192,141
193,176
194,134
195,125
196,120
197,88
198,114
199,132
